Workbook

Sheet Hopper BOM
B1: Capstan Drive Hopper BOM
B2: Part Name | C2: Source | D2: Price of Component / £ | E2: Qty. Required | F2: Qty. Desired | G2: Qty. Desired Cost / £
A3: Generic Parts | B3: T-Motor P60 Pins 170KV | C3: 3DXR | D3: 107.9 | E3: 2 | F3: 2 | G3: =F3*D3 -> 215.8
B4: Moteus x1 Motor Controller | C4: MJBots | D4: 130.82 | E4: 2 | F4: 2 | G4: =F4*D4 -> 261.64
B5: mjcanfd-usb-1x USB--CAN Interface | C5: MJBots | D5: 28.96 | E5: 1 | F5: 1 | G5: =F5*D5 -> 28.96
B6: GENSACE 2200mAh 6S Battery | C6: 3DXR | D6: 52.99 | E6: 2 | F6: 2 | G6: =F6*D6 -> 105.98
B7: Ultra Power Smart Charger | C7: 3DXR | D7: 112.99 | E7: 1 | F7: 1 | G7: =F7*D7 -> 112.99
B8: Big-ticket items subtotal / £ | G8: =SUM(G3:G7) -> 725.37
B10: 15x24x5mm Thin Section Bearing | C10: Accu | D10: 1.46-2.88 | E10: 3 | F10: 3 | G10: 7.02
B11: 40x50x6mm Thin Section Bearing | C11: Amazon | D11: 6.49 | E11: 4 | F11: 4 | G11: =F11*D11 -> 25.96
B12: Mastrant M2 Premium (100M drum) | C12: Moonraker | D12: 39.95 | E12: 1 | F12: 1 | G12: 39.95
B14: M2 x 14mm Phillips Pan-Head Screw | C14: Accu | D14: 0.04-0.84 | E14: 8 | F14: 12 | G14: 2.04
B15: M2 Heat-Fix Threaded Insert | C15: Accu | D15: 0.05-0.80 | E15: 8 | F15: 12 | G15: 1.68
B16: M2 8mm Stand-off | C16: Accu | D16: 0.51-1.56 | E16: 8 | F16: 12 | G16: 9.24
B18: M3 Heat-Fix Threaded Insert | C18: Accu | D18: 0.08-0.88 | E18: 8 | F18: 12 | G18: 2.4
B19: M3 x 8mm Countersunk Screw | C19: Accu | D19: 0.02-0.78 | E19: 8 | F19: 12 | G19: 1.44
B20: M3 x 40mm Cap Head Screw | C20: Accu | D20: 0.06-0.86 | E20: 2 | F20: 2 | G20: =F20*0.5 -> 1
B21: M3 x 16mm Cap Head Screw | C21: Accu | D21: 0.02-0.79 | E21: 8 | F21: 12 | G21: 1.56
B23: M4 x 16mm Cap Head Screw | C23: Accu | D23: 0.04-0.83 | E23: 8 | F23: 12 | G23: =F23*0.16 -> 1.92
B24: M4 Locking Nut | C24: Accu | D24: 0.02-0.78 | E24: 11 | F24: 12 | G24: =F24*0.12 -> 1.44
B25: M4 x 28mm Pan Head Screw | C25: Accu | D25: 0.09-0.98 | E25: 8 | F25: 8 | G25: =F25*0.33 -> 2.64
B26: M4 x 40mm Cap Head Screw | C26: Accu | D26: 0.08-0.90 | E26: 3 | F26: 4 | G26: 1.48
B27: M4 x 55mm Cap Head Screw | C27: Accu | D27: 0.11-0.98 | E27: 1 | F27: 2 | G27: =0.61*2 -> 1.22
B28: M4 x 100mm Cap Head Screw | C28: Accu | D28: 1.58-3.63 | E28: 1 | F28: 2 | G28: =2*3.02 -> 6.04
B30: M6 Locking Nut | C30: Accu | D30: 0.03-0.8 | E30: 4 | F30: 4 | G30: =F30*0.28 -> 1.12
B31: M6 x 150mm Cap Head Screw | C31: Accu | D31: 0.63-2.06 | E31: 4 | F31: 4 | G31: =F31*1.38 -> 5.52
B32: M6 x 30mm Cap Head Screw | C32: Accu | D32: 0.09-0.94 | E32: 4 | F32: 4 | G32: 1.6
B33: Other parts subtotal / £ | G33: =SUM(G10:G32) -> 115.27
B34: Total Part Cost / £ | G34: =G8+G33 -> 840.64

Sheet 3D Printing
B2: IGNORE FOR NOW
B5: 3D-Printed Parts | C5: Part Name | D5: Material | E5: Weight of Component / g | F5: Qty. Required | G5: Qty. Desired | H5: Qty. Cost of Material | I5: Source from normal filament location
C6: Hopper_Base PLA | D6: PLA | E6: 333 | F6: 1 | G6: 1 | H6: ='Hopper BOM'!I$40 / 1000 * E6 * G6 -> 0 | I6: Est. PLA Cost Per kg / £
C7: Controller_Cover PLA | D7: PLA | E7: 19.14 | F7: 2 | G7: 2 | H7: ='Hopper BOM'!I$40 / 1000 * E7 * G7 -> 0
C8: Cover_Under PLA | D8: PLA | E8: 98.47 | F8: 1 | G8: 1 | H8: ='Hopper BOM'!I$40 / 1000 * E8 * G8 -> 0
C9: Cover PLA | D9: PLA | E9: 28.25 | F9: 1 | G9: 1 | H9: ='Hopper BOM'!I$40 / 1000 * E9 * G9 -> 0
C10: Small_Pulley Resin (2 Parts) | D10: Resin | E10: n/a | F10: 1 | G10: 2
C11: Big_Drum_Hip PLA | D11: PLA | E11: 172.4 | F11: 2 | G11: 2 | H11: ='Hopper BOM'!I$40 / 1000 * E11 * G11 -> 0
C12: Calf_Body PLA | D12: PLA | E12: 58.36 | F12: 2 | G12: 2 | H12: ='Hopper BOM'!I$40 / 1000 * E12 * G12 -> 0
C13: Total 3DP Filament Cost / £ | H13: =SUM(H6:H12) -> 0
C15: Total Hopper Cost / £ | H15: ='Hopper BOM'!G34 + H13 -> 840.64

Sheet Alternate Motors
B1: Money Criteria | J1: Physical Properties
B2: Part Name | C2: Source | D2: Price of Component / £ | E2: Shipping, VAT inc.? | F2: Qty. Required | G2: Qty. Desired | H2: Qty. Desired Cost / £ | J2: Mass / g | K2: Operating Voltage / V | L2: Peak cont. power / W | M2: KV Value / RPM/V | N2: Peak Current / A | O2: Stall torque (est) / Nm | P2: ST per kg / Nm/kg
A3: Current | B3: Eaglepower 8308 KV90 | C3: AliExpress | D3: 65.72 | F3: 2 | G3: 2 | H3: =G3*D3 -> 131.44 | J3: 336 | L3: 900 | M3: 90 | N3: 22 | O3: =1 / (M3 * 2 * PI() / 60) * N3 -> 2.3342725 | P3: =O3 / (J3 / 1000) -> 6.9472396 | R3: Aaed Musa's Design
B4: MAD Components M6C06 | C4: MAD | D4: 74.43 | F4: 2 | G4: 2 | H4: =G4*D4 -> 148.86 | J4: 157 | L4: 1075 | M4: 160 | N4: 22.43 | O4: =1 / (M4 * 2 * PI() / 60) * N4 -> 1.338692 | P4: =O4 / (J4 / 1000) -> 8.5267007
B5: MAD Components M8S C08 | C5: MAD | D5: 202.62 | F5: 2 | G5: 2 | H5: =G5*D5 -> 405.24 | J5: 280 | L5: 1490 | M5: 100 | N5: 31.8 | O5: =1 / (M5 * 2 * PI() / 60) * N5 -> 3.0366763 | P5: =O5 / (J5 / 1000) -> 10.845273
B6: Hobbywing M6215-HIGHTPROT | C6: Hobbywing | D6: 59.03 | F6: 2 | G6: 2 | H6: =G6*D6 -> 118.06 | J6: 270 | L6: 950? | M6: 160 | N6: 38.6 | O6: =1 / (M6 * 2 * PI() / 60) * N6 -> 2.3037678 | P6: =O6 / (J6 / 1000) -> 8.5324733 | R6: French Warehouse, Conflicting Pmax information
B7: Hobbywing M8110 Light | C7: Hobbywing | D7: 88.97 | F7: 2 | G7: 2 | H7: =G7*D7 -> 177.94 | J7: 300.5 | L7: 2000? | M7: 95 | N7: 43.3 | O7: =1 / (M7 * 2 * PI() / 60) * N7 -> 4.3524689 | P7: =O7 / (J7 / 1000) -> 14.484089 | R7: French Warehouse, Conflicting Pmax information
B8: Hobbywing M8108 Light | C8: Hobbywing | D8: 91.53 | F8: 2 | G8: 2 | H8: =G8*D8 -> 183.06 | J8: 238.3 | L8: 950? | M8: 100 | N8: 33.8 | O8: =1 / (M8 * 2 * PI() / 60) * N8 -> 3.2276622 | P8: =O8 / (J8 / 1000) -> 13.544533 | R8: French Warehouse, Conflicting Pmax information
B10: T-Motor Antigravity MN5006 | C10: 3DXR | D10: 84.99 | F10: 2 | G10: 2 | H10: =G10*D10 -> 169.98 | J10: 108 | L10: 500 | M10: 300 | N10: 20 | O10: =1 / (M10 * 2 * PI() / 60) * N10 -> 0.63661977 | P10: =O10 / (J10 / 1000) -> 5.8946275
B11: T-Motor Antigravity 5008 170KV | C11: 3DXR | D11: 89.99 | F11: 2 | G11: 2 | H11: =G11*D11 -> 179.98 | J11: 128 | L11: 720 | M11: 170 | N11: 15 | O11: =1 / (M11 * 2 * PI() / 60) * N11 -> 0.84258499 | P11: =O11 / (J11 / 1000) -> 6.5826953
B12: T-Motor Antigravity 5008 340KV | C12: 3DXR | D12: 89.99 | F12: 2 | G12: 2 | H12: =G12*D12 -> 179.98 | J12: 135 | L12: 760 | M12: 340 | N12: 35 | O12: =1 / (M12 * 2 * PI() / 60) * N12 -> 0.98301582 | P12: =O12 / (J12 / 1000) -> 7.2815987
B13: T-Motor MN4112 320KV | C13: 3DXR | D13: 92.99 | F13: 2 | G13: 2 | H13: =G13*D13 -> 185.98 | J13: 172 | L13: 910 | M13: 320 | N13: 40 | O13: =1 / (M13 * 2 * PI() / 60) * N13 -> 1.1936621 | P13: =O13 / (J13 / 1000) -> 6.9398958
B14: T-Motor MN5208 340KV | C14: 3DXR | D14: 99.9 | F14: 2 | G14: 2 | H14: =G14*D14 -> 199.8 | J14: 196 | K14: 24 | L14: 850 | M14: 340 | N14: 35 | O14: =1 / (M14 * 2 * PI() / 60) * N14 -> 0.98301582 | P14: =O14 / (J14 / 1000) -> 5.0153869
B15: T-Motor MN501-S 240KV | C15: 3DXR | D15: 99.9 | F15: 2 | G15: 2 | H15: =G15*D15 -> 199.8 | J15: 170 | K15: 25-50 | L15: 1200 | M15: 240 | N15: 25 | O15: =1 / (M15 * 2 * PI() / 60) * N15 -> 0.99471839 | P15: =O15 / (J15 / 1000) -> 5.8512847
B16: T-Motor MN501-S 300KV | C16: 3DXR | D16: 99.9 | F16: 2 | G16: 2 | H16: =G16*D16 -> 199.8 | J16: 170 | K16: 25-30 | L16: 1000 | M16: 300 | N16: 40 | O16: =1 / (M16 * 2 * PI() / 60) * N16 -> 1.2732395 | P16: =O16 / (J16 / 1000) -> 7.4896444
B17: T-Motor P60 Pins 170KV | C17: 3DXR | D17: 107.9 | F17: 2 | G17: 2 | H17: =G17*D17 -> 215.8 | J17: 375 | K17: 48 | L17: 1800 | M17: 170 | N17: 38 | O17: =1 / (M17 * 2 * PI() / 60) * N17 -> 2.1345486 | P17: =O17 / (J17 / 1000) -> 5.6921297
B18: T-Motor P60 Pins 340KV | C18: 3DXR | D18: 107.9 | F18: 2 | G18: 2 | H18: =G18*D18 -> 215.8 | J18: 375 | K18: 24 | L18: 1550 | M18: 340 | N18: 65 | O18: =1 / (M18 * 2 * PI() / 60) * N18 -> 1.8256008 | P18: =O18 / (J18 / 1000) -> 4.8682688
B19: T-Motor MN5212 340KV | C19: 3DXR | D19: 109.9 | F19: 2 | G19: 2 | H19: =G19*D19 -> 219.8 | J19: 205 | K19: 24 | L19: 840 | M19: 340 | N19: 35 | O19: =1 / (M19 * 2 * PI() / 60) * N19 -> 0.98301582 | P19: =O19 / (J19 / 1000) -> 4.7951991 | R19: Stanford Doggo
B20: T-Motor V505 | C20: 3DXR | D20: 119.99 | F20: 2 | G20: 2 | H20: =G20*D20 -> 239.98 | J20: 215 | K20: 40-50 | L20: 2500 | M20: 260 | N20: 52 | O20: =1 / (M20 * 2 * PI() / 60) * N20 -> 1.9098593 | P20: =O20 / (J20 / 1000) -> 8.8830666
B21: T-Motor VL5009 KV275 | C21: 3DXR | D21: 129 | F21: 2 | G21: 2 | H21: =G21*D21 -> 258 | J21: 280 | K21: 40-50 | L21: 930 | M21: 275 | N21: 52 | O21: =1 / (M21 * 2 * PI() / 60) * N21 -> 1.8056852 | P21: =O21 / (J21 / 1000) -> 6.4488756
B22: T-Motor Antigravity 6007II 160KV | C22: 3DXR | D22: 129.99 | F22: 2 | G22: 2 | H22: =G22*D22 -> 259.98 | J22: 159 | K22: 40-50 | L22: 1120 | M22: 160 | N22: 23.7 | O22: =1 / (M22 * 2 * PI() / 60) * N22 -> 1.4144896 | P22: =O22 / (J22 / 1000) -> 8.8961607
B23: T-Motor Antigravity 6007II 320KV | C23: 3DXR | D23: 129.99 | F23: 2 | G23: 2 | H23: =G23*D23 -> 259.98 | J23: 161 | K23: 24 | L23: 1040 | M23: 320 | N23: 44.2 | O23: =1 / (M23 * 2 * PI() / 60) * N23 -> 1.3189966 | P23: =O23 / (J23 / 1000) -> 8.1925254
B24: T-Motor VL6011 KV180 | C24: 3DXR | D24: 139 | F24: 2 | G24: 2 | H24: =G24*D24 -> 278 | J24: 300 | K24: 40-50 | L24: 2450 | M24: 180 | N24: 55 | O24: =1 / (M24 * 2 * PI() / 60) * N24 -> 2.9178406 | P24: =O24 / (J24 / 1000) -> 9.7261354
B25: T-Motor V602 | C25: 3DXR | D25: 139.9 | F25: 2 | G25: 2 | H25: =G25*D25 -> 279.8 | J25: 345 | K25: 40-50 | L25: 2000 | M25: 180 | N25: 45 | O25: =1 / (M25 * 2 * PI() / 60) * N25 -> 2.3873241 | P25: =O25 / (J25 / 1000) -> 6.9197801
B26: T-Motor U8II KV85 | C26: 3DXR | D26: 309.99 | F26: 2 | G26: 2 | H26: =G26*D26 -> 619.98 | J26: 277 | L26: 916.8 | M26: 85 | N26: 19.1 | O26: =1 / (M26 * 2 * PI() / 60) * N26 -> 2.1457831 | P26: =O26 / (J26 / 1000) -> 7.7465094
B27: T-Motor U8II KV100 | C27: 3DXR | D27: 309.99 | F27: 2 | G27: 2 | H27: =G27*D27 -> 619.98 | J27: 272 | L27: 1406.4 | M27: 100 | N27: 29.3 | O27: =1 / (M27 * 2 * PI() / 60) * N27 -> 2.7979439 | P27: =O27 / (J27 / 1000) -> 10.286558
